donation_id,request_id,is_ideal
40,258,True
45,69,True
45,154,True
45,192,True
45,284,True
50,182,True
50,274,True
50,292,True
52,223,True
53,221,True
54,364,True
65,196,True
71,96,True
75,286,True
81,151,True
82,135,True
84,347,True
88,133,True
98,162,True
98,238,True
99,69,True
99,192,True
102,205,True
118,108,True
123,90,True
128,155,True
128,276,True
141,135,True
145,121,True
146,327,True
155,296,True
155,348,True
156,211,True
156,316,True
157,223,True
165,112,True
165,258,True
167,304,True
169,129,True
173,271,True
174,233,True
175,316,True
178,177,True
181,66,True
181,236,True
196,315,True
197,116,True
217,229,True
218,177,True
223,110,True
226,364,True
227,289,True
253,301,True
254,273,True
260,273,True
268,347,True
272,260,True
275,272,True
279,266,True
280,191,True
282,108,True
285,116,True
288,279,True
290,189,True
292,86,True
293,177,True
303,301,True
308,264,True
311,172,True
312,131,True
318,287,True
333,110,True
336,350,True
338,231,True
342,263,True
358,255,True
359,177,True
359,308,True
364,191,True
368,306,True
380,361,True
386,121,True
389,99,True
391,339,True
411,304,True
418,313,True
419,174,True
419,294,True
430,177,True
430,308,True
434,299,True
434,327,True
440,79,True
443,188,True
444,130,True
446,351,True
447,231,True
448,324,True
449,283,True
449,364,True
460,113,True
460,253,True
461,268,True
467,233,True
472,315,True
473,271,True
478,312,True
478,332,True
489,284,True
491,97,True
500,69,True
501,261,True
502,184,True
514,322,True
