id,name,lat,lng,reliability_score
738,Bulk Ngo 202,13.303207,77.591942,0.8
673,Bulk Ngo 137,27.258969,75.56362,0.96
750,Bulk Ngo 214,26.860681,75.920135,0.78
777,Bulk Ngo 241,23.118759,72.475718,0.88
771,Bulk Ngo 235,23.217461,72.47783,0.91
668,Bulk Ngo 132,26.61622,75.533687,0.97
764,Bulk Ngo 228,22.943391,72.614571,0.85
76,Bulk Ngo 40,23.269478,72.53783,0.81
627,Bulk Ngo 91,17.658932,78.732653,0.91
74,Bulk Ngo 38,17.422815,78.394938,0.83
817,Bulk Ngo 281,12.908203,77.64703,0.99
753,Bulk Ngo 217,26.97385,75.974747,0.7
696,Bulk Ngo 160,18.951863,73.024232,0.94
833,Bulk Ngo 297,26.9925,75.5027,0.95
812,Bulk Ngo 276,27.167047,75.494156,1.0
86,Bulk Ngo 50,22.42537,88.683555,0.71
626,Bulk Ngo 90,22.513535,88.33901,0.82
648,Bulk Ngo 112,23.065656,72.444781,0.64
708,Bulk Ngo 172,28.694664,77.032789,0.67
806,Bulk Ngo 270,17.650353,78.484859,0.99
690,Bulk Ngo 154,26.843126,81.213838,0.74
724,Bulk Ngo 188,18.75767,72.56351,0.97
65,Bulk Ngo 29,22.914963,88.490179,0.93
699,Bulk Ngo 163,26.918786,75.787355,0.86
746,Bulk Ngo 210,26.660247,76.089258,0.69
800,Bulk Ngo 264,28.606793,77.253047,0.62
825,Bulk Ngo 289,28.449771,77.317914,0.62
70,Bulk Ngo 34,17.057099,78.800444,0.99
80,Bulk Ngo 44,22.765081,88.658265,0.68
39,Bulk Ngo 3,19.39568,72.849464,0.67
64,Bulk Ngo 28,19.116661,72.685107,0.59
720,Bulk Ngo 184,22.873953,72.622834,0.79
49,Bulk Ngo 13,23.13168,72.744537,0.56
612,Bulk Ngo 76,27.015324,80.763697,0.8
781,Bulk Ngo 245,18.672551,73.577081,0.73
770,Bulk Ngo 234,27.091538,75.638372,0.9
632,Bulk Ngo 96,23.267733,72.247509,0.8
827,Bulk Ngo 291,26.503187,80.993773,0.59
748,Bulk Ngo 212,28.454886,77.42517,0.84
685,Bulk Ngo 149,27.115937,75.834747,0.59
54,Bulk Ngo 18,22.73927,72.90858,0.82
637,Bulk Ngo 101,12.944062,80.426718,0.87
799,Bulk Ngo 263,17.318792,78.488464,0.93
752,Bulk Ngo 216,22.77973,72.744814,0.65
46,Bulk Ngo 10,26.97947,75.988459,0.56
629,Bulk Ngo 93,26.897591,80.701097,0.79
85,Bulk Ngo 49,13.187684,77.562003,0.84
694,Bulk Ngo 158,28.835417,77.381063,0.79
794,Bulk Ngo 258,26.848607,75.97558,0.57
710,Bulk Ngo 174,19.338188,72.620793,0.63
658,Bulk Ngo 122,17.050915,78.345554,0.84
616,Bulk Ngo 80,19.382187,73.035217,0.55
722,Bulk Ngo 186,26.912461,80.908709,0.7
617,Bulk Ngo 81,13.317038,77.408513,0.91
742,Bulk Ngo 206,28.474251,76.90167,0.65
714,Bulk Ngo 178,13.220116,80.206481,0.84
671,Bulk Ngo 135,27.126443,76.077619,0.84
82,Bulk Ngo 46,26.617749,75.752151,0.65
703,Bulk Ngo 167,27.108234,80.727914,0.6
669,Bulk Ngo 133,27.019515,81.124232,0.94
795,Bulk Ngo 259,23.046055,72.472882,1.0
761,Bulk Ngo 225,12.840645,77.276601,0.94
38,Bulk Ngo 2,17.265906,78.402588,0.56
758,Bulk Ngo 222,17.591483,78.255186,0.83
644,Bulk Ngo 108,22.757637,88.302575,0.68
608,Bulk Ngo 72,18.61681,74.160433,0.78
630,Bulk Ngo 94,18.675935,73.881717,0.99
763,Bulk Ngo 227,17.169352,78.505219,0.66
836,Bulk Ngo 300,22.8306,72.700229,0.83
824,Bulk Ngo 288,28.597104,77.304724,0.93
734,Bulk Ngo 198,17.182992,78.744382,0.89
651,Bulk Ngo 115,19.399028,72.938625,0.84
807,Bulk Ngo 271,17.563926,78.234665,0.67
83,Bulk Ngo 47,19.149618,72.957406,0.6
702,Bulk Ngo 166,26.798994,81.071986,0.84
61,Bulk Ngo 25,18.4364,74.055423,0.98
667,Bulk Ngo 131,22.755543,88.085462,0.64
680,Bulk Ngo 144,22.47034,88.079045,0.95
783,Bulk Ngo 247,23.152221,72.340051,0.94
792,Bulk Ngo 256,12.960562,77.298445,0.94
767,Bulk Ngo 231,17.248261,78.800876,0.97
602,Bulk Ngo 66,18.950466,73.190795,0.85
796,Bulk Ngo 260,22.935739,72.792946,0.93
51,Bulk Ngo 15,12.944736,77.740457,0.84
638,Bulk Ngo 102,17.204415,78.597764,0.57
804,Bulk Ngo 268,22.706796,88.394452,0.58
1,Test Donor,18.635686,73.623137,1.0
745,Bulk Ngo 209,12.802717,77.602073,0.64
727,Bulk Ngo 191,22.745685,72.512583,0.69
41,Bulk Ngo 5,19.064048,72.861014,0.88
607,Bulk Ngo 71,22.462755,88.090454,0.65
801,Bulk Ngo 265,26.658999,80.879733,0.77
621,Bulk Ngo 85,18.442585,74.000015,0.98
709,Bulk Ngo 173,17.355285,78.320347,0.78
749,Bulk Ngo 213,12.867989,77.565102,0.75
625,Bulk Ngo 89,26.663701,80.678064,0.93
790,Bulk Ngo 254,18.856028,72.972551,0.97
762,Bulk Ngo 226,18.776266,74.172989,0.58
672,Bulk Ngo 136,26.787641,81.184124,0.73
756,Bulk Ngo 220,17.237069,78.683218,0.65
622,Bulk Ngo 86,28.767186,77.241447,0.7
78,Bulk Ngo 42,17.63854,78.197588,0.57
686,Bulk Ngo 150,22.771995,88.583371,0.57
89,Bulk Ngo 53,12.824133,77.43174,0.67
716,Bulk Ngo 180,13.230676,80.500637,0.62
654,Bulk Ngo 118,17.478539,78.752788,0.88
791,Bulk Ngo 255,26.564131,75.979195,0.75
599,Bulk Ngo 63,12.885181,80.22145,0.67
711,Bulk Ngo 175,12.973318,80.398486,0.96
618,Bulk Ngo 82,13.315887,77.54406,0.86
92,Bulk Ngo 56,13.086756,77.698838,0.82
707,Bulk Ngo 171,19.059765,72.62059,0.94
666,Bulk Ngo 130,22.315123,88.06348,0.67
72,Bulk Ngo 36,19.267422,73.05491,0.8
93,Bulk Ngo 57,26.80477,81.101902,0.63
620,Bulk Ngo 84,27.007706,80.842275,0.62
603,Bulk Ngo 67,26.916706,81.021515,0.95
597,Bulk Ngo 61,28.302098,77.487539,0.84
59,Bulk Ngo 23,17.688747,78.229088,0.7
633,Bulk Ngo 97,22.85603,72.249279,0.92
674,Bulk Ngo 138,12.679299,77.620195,0.76
664,Bulk Ngo 128,23.083006,72.755657,0.56
776,Bulk Ngo 240,18.599008,73.54522,0.76
71,Bulk Ngo 35,12.983656,77.820355,0.72
642,Bulk Ngo 106,12.988298,77.428665,0.65
623,Bulk Ngo 87,13.16293,77.870588,0.59
737,Bulk Ngo 201,22.940586,72.326459,0.76
42,Bulk Ngo 6,12.845555,77.822798,0.85
95,Bulk Ngo 59,27.168623,75.978769,0.62
60,Bulk Ngo 24,28.476637,77.294902,0.62
43,Bulk Ngo 7,18.187137,73.885782,0.95
768,Bulk Ngo 232,17.723181,78.430571,0.81
619,Bulk Ngo 83,12.792132,79.987604,0.7
805,Bulk Ngo 269,26.72814,75.619994,0.72
47,Bulk Ngo 11,22.767778,72.760503,0.65
719,Bulk Ngo 183,22.897844,88.159245,0.9
782,Bulk Ngo 246,27.147547,75.666756,0.7
663,Bulk Ngo 127,13.426174,79.942457,0.65
815,Bulk Ngo 279,26.50507,81.177461,0.62
813,Bulk Ngo 277,13.3749,79.973191,0.8
606,Bulk Ngo 70,22.258046,88.660792,0.56
640,Bulk Ngo 104,27.198213,75.629787,0.68
751,Bulk Ngo 215,13.068022,79.982105,0.6
656,Bulk Ngo 120,17.370779,78.683705,0.72
68,Bulk Ngo 32,22.693012,72.788883,0.88
772,Bulk Ngo 236,27.022205,75.623869,0.64
704,Bulk Ngo 168,27.126747,75.925639,0.75
730,Bulk Ngo 194,22.34549,88.040475,0.98
731,Bulk Ngo 195,18.734912,73.745231,0.59
79,Bulk Ngo 43,26.752123,80.646972,0.65
728,Bulk Ngo 192,26.951126,80.718142,0.58
701,Bulk Ngo 165,18.171659,73.998106,0.67
73,Bulk Ngo 37,12.72005,77.76634,0.92
605,Bulk Ngo 69,12.879479,80.405923,0.74
823,Bulk Ngo 287,23.017657,72.486499,0.78
740,Bulk Ngo 204,13.181036,77.267989,0.94
676,Bulk Ngo 140,22.275102,88.673184,0.66
765,Bulk Ngo 229,28.689022,77.16294,0.65
645,Bulk Ngo 109,26.629541,75.712332,0.84
87,Bulk Ngo 51,17.102891,78.281567,0.72
733,Bulk Ngo 197,26.560496,80.977088,0.58
723,Bulk Ngo 187,18.910381,73.113655,0.56
797,Bulk Ngo 261,26.909509,80.983721,0.99
705,Bulk Ngo 169,19.002363,73.125458,0.75
785,Bulk Ngo 249,22.886943,88.130915,0.64
798,Bulk Ngo 262,19.309876,72.70822,0.97
775,Bulk Ngo 239,12.630255,77.734888,0.74
610,Bulk Ngo 74,22.293293,88.214165,0.64
96,Bulk Ngo 60,26.844482,75.870071,0.72
832,Bulk Ngo 296,26.510863,81.16837,0.6
2,Test NGO,13.303554,77.554777,1.0
774,Bulk Ngo 238,18.455419,73.845822,0.74
743,Bulk Ngo 207,18.746264,72.662634,0.79
736,Bulk Ngo 200,13.057653,80.19856,0.61
641,Bulk Ngo 105,26.948334,75.678274,0.59
37,Bulk Ngo 1,17.435581,78.812142,0.84
718,Bulk Ngo 182,28.810113,77.396301,0.79
56,Bulk Ngo 20,18.73396,73.720522,0.55
834,Bulk Ngo 298,28.628347,77.295524,0.66
81,Bulk Ngo 45,18.507617,73.742099,0.59
822,Bulk Ngo 286,27.032532,81.225981,0.81
77,Bulk Ngo 41,17.318219,78.652412,0.87
57,Bulk Ngo 21,13.324493,80.509147,0.91
819,Bulk Ngo 283,18.325977,73.66303,0.79
604,Bulk Ngo 68,18.763574,72.971778,0.59
91,Bulk Ngo 55,17.072843,78.734668,0.84
697,Bulk Ngo 161,12.965541,80.611348,0.56
90,Bulk Ngo 54,28.813548,77.404827,0.97
62,Bulk Ngo 26,17.408648,78.648161,0.7
726,Bulk Ngo 190,19.33989,72.746165,0.92
814,Bulk Ngo 278,17.544482,78.554159,0.87
52,Bulk Ngo 16,12.903974,77.404493,0.8
741,Bulk Ngo 205,13.176089,77.507235,0.74
682,Bulk Ngo 146,28.344953,77.17002,0.65
615,Bulk Ngo 79,22.293286,88.378116,0.91
646,Bulk Ngo 110,26.636785,75.576353,0.71
830,Bulk Ngo 294,13.005297,77.88185,0.85
613,Bulk Ngo 77,26.666801,75.500358,0.65
829,Bulk Ngo 293,26.597456,76.006525,0.82
652,Bulk Ngo 116,23.268899,72.685749,0.82
634,Bulk Ngo 98,28.343582,77.139175,0.83
670,Bulk Ngo 134,19.234488,73.214798,0.69
735,Bulk Ngo 199,28.809315,77.286951,0.89
94,Bulk Ngo 58,22.442567,88.507098,0.88
695,Bulk Ngo 159,12.906704,80.162725,0.99
739,Bulk Ngo 203,12.950102,77.591684,0.67
689,Bulk Ngo 153,26.882047,80.861246,0.91
692,Bulk Ngo 156,23.35897,72.743067,0.72
643,Bulk Ngo 107,26.942977,81.219278,0.6
732,Bulk Ngo 196,18.707591,73.926666,0.77
679,Bulk Ngo 143,19.169563,73.087639,0.81
67,Bulk Ngo 31,22.359745,88.098422,0.91
600,Bulk Ngo 64,13.318926,80.332868,0.65
58,Bulk Ngo 22,22.609858,88.316867,0.86
614,Bulk Ngo 78,19.186265,72.952013,0.82
802,Bulk Ngo 266,28.943244,77.175992,0.65
828,Bulk Ngo 292,12.873322,80.357617,0.63
755,Bulk Ngo 219,18.616214,74.003947,0.65
75,Bulk Ngo 39,22.96817,72.230339,0.94
816,Bulk Ngo 280,27.040773,75.5398,0.68
712,Bulk Ngo 176,19.333625,73.045345,0.94
809,Bulk Ngo 273,19.017596,73.079378,0.75
684,Bulk Ngo 148,27.059082,75.694719,0.78
55,Bulk Ngo 19,23.032193,72.485439,0.91
835,Bulk Ngo 299,26.993483,80.704564,0.82
639,Bulk Ngo 103,28.51456,77.407822,0.65
53,Bulk Ngo 17,26.779092,80.840782,0.65
747,Bulk Ngo 211,22.752805,72.463605,1.0
66,Bulk Ngo 30,12.912313,80.427483,0.82
773,Bulk Ngo 237,13.250397,77.379359,0.59
757,Bulk Ngo 221,22.764108,88.619366,0.58
793,Bulk Ngo 257,18.402601,73.567965,0.8
789,Bulk Ngo 253,28.579688,77.142114,0.66
831,Bulk Ngo 295,23.266276,72.47179,0.66
624,Bulk Ngo 88,17.610486,78.158273,0.59
649,Bulk Ngo 113,13.339697,80.374258,0.67
659,Bulk Ngo 123,23.048506,72.884286,0.8
657,Bulk Ngo 121,18.602219,73.683619,1.0
609,Bulk Ngo 73,13.09178,77.420081,0.56
683,Bulk Ngo 147,18.774866,72.663149,1.0
40,Bulk Ngo 4,27.06209,81.267261,0.65
760,Bulk Ngo 224,17.510706,78.368794,0.96
63,Bulk Ngo 27,18.783382,72.724131,0.59
662,Bulk Ngo 126,26.518536,81.003523,0.9
729,Bulk Ngo 193,26.653015,81.136701,0.95
759,Bulk Ngo 223,26.663917,81.271,0.65
700,Bulk Ngo 164,26.649873,80.93755,0.79
69,Bulk Ngo 33,27.113786,80.624133,0.79
778,Bulk Ngo 242,28.385595,77.316573,0.85
715,Bulk Ngo 179,18.417429,74.114104,0.82
611,Bulk Ngo 75,26.922579,75.633867,0.84
803,Bulk Ngo 267,28.343237,77.331661,0.73
50,Bulk Ngo 14,18.585043,73.601007,0.64
786,Bulk Ngo 250,17.048034,78.640383,0.75
48,Bulk Ngo 12,22.322498,88.421752,0.78
677,Bulk Ngo 141,28.31209,77.123748,0.8
601,Bulk Ngo 65,17.159196,78.767826,0.88
44,Bulk Ngo 8,18.72684,73.184114,0.59
691,Bulk Ngo 155,17.57307,78.382062,0.58
628,Bulk Ngo 92,12.913163,79.924529,0.88
721,Bulk Ngo 185,18.800608,72.82595,0.55
653,Bulk Ngo 117,23.058973,72.611694,0.63
688,Bulk Ngo 152,17.633499,78.598198,0.83
636,Bulk Ngo 100,13.10954,77.739353,0.81
88,Bulk Ngo 52,28.308756,77.014239,0.64
681,Bulk Ngo 145,17.60916,78.584904,0.73
678,Bulk Ngo 142,26.985615,81.026833,0.67
784,Bulk Ngo 248,17.3116,78.546956,0.66
647,Bulk Ngo 111,13.046054,77.380768,0.72
810,Bulk Ngo 274,26.768376,76.100211,0.74
631,Bulk Ngo 95,27.101377,75.967531,0.72
811,Bulk Ngo 275,13.065163,77.940539,0.98
698,Bulk Ngo 162,12.686707,77.716189,0.87
635,Bulk Ngo 99,18.853949,73.050009,0.94
598,Bulk Ngo 62,27.146858,76.022734,0.56
655,Bulk Ngo 119,28.863863,77.529595,0.62
665,Bulk Ngo 129,22.501116,88.539019,0.69
826,Bulk Ngo 290,13.33498,80.463833,0.98
675,Bulk Ngo 139,28.5295,76.929523,0.67
769,Bulk Ngo 233,12.972868,80.04944,0.76
717,Bulk Ngo 181,28.355697,77.262125,0.89
706,Bulk Ngo 170,17.706404,78.241384,0.98
818,Bulk Ngo 282,22.616097,88.411384,0.81
754,Bulk Ngo 218,26.73096,80.848873,0.81
713,Bulk Ngo 177,18.624792,73.628877,0.68
808,Bulk Ngo 272,26.697267,81.038399,0.9
820,Bulk Ngo 284,26.802938,75.656737,0.89
779,Bulk Ngo 243,22.898468,88.303692,0.99
725,Bulk Ngo 189,28.336007,76.903655,0.95
693,Bulk Ngo 157,12.791718,80.572813,1.0
661,Bulk Ngo 125,22.342026,88.038508,0.93
744,Bulk Ngo 208,17.158926,78.555009,0.88
650,Bulk Ngo 114,28.326588,77.074508,0.97
687,Bulk Ngo 151,17.409569,78.618139,0.6
84,Bulk Ngo 48,22.3546,88.631413,0.68
45,Bulk Ngo 9,19.163726,72.889327,0.74
766,Bulk Ngo 230,17.237717,78.582525,0.61
788,Bulk Ngo 252,18.185892,74.187333,0.68
780,Bulk Ngo 244,18.515906,73.746039,0.59
660,Bulk Ngo 124,26.748953,75.711995,0.86
